Id,ClientId,TranscriptId,Summary
1,1,1,"The call focused on onboarding Thomas Anderson as a client, discussing his house purchase, asset transfers, and ensuring his financial goals remain on track. Jane Smith addressed Thomas's concerns about balancing the house purchase with retirement savings and provided guidance on managing additional costs. The conversation concluded with actionable next steps and reassurance about his financial plan."
2,1,2,"The call focused on preparing for financial changes due to Thomas's plans to expand his family. Jane provided guidance on health insurance, life insurance, estate planning, and balancing retirement savings with new expenses. Thomas expressed concerns about ensuring his family's financial security and appreciated the actionable advice provided."
3,1,3,"The call focused on preparing for the financial implications of Thomas Anderson's upcoming baby. Jane Smith provided guidance on immediate expenses, college savings, medical costs, and life insurance adjustments. The conversation emphasized balancing financial security with affordability, and clear next steps were outlined to address Thomas's concerns."
7,3,1,"The call focused on optimizing Carlos's financial strategies, including his Miami condo cash flow, contributions to his son Diego's 529 plan, and hurricane insurance coverage. Jane provided actionable guidance on refinancing options, emergency fund allocation, and cost segregation studies, while addressing Carlos's concerns about rate hikes and tuition planning. The discussion concluded with a bundled insurance policy recommendation for cost savings and enhanced coverage."
8,3,2,"The call focused on optimizing rental income from a Miami condo, planning for Diego's community college transfer, and addressing hurricane insurance renewals. The advisor provided actionable strategies for tax optimization, education funding, and insurance savings. The client expressed interest in implementing all proposed solutions."
9,3,3,"The call focused on optimizing tax strategies for a Miami condo, planning for Diego's transition to community college, and addressing hurricane preparation costs. The advisor provided actionable strategies for tax savings, options for managing a 529 plan under new rules, and deductible upgrades for hurricane preparedness. The client actively engaged and selected specific options for implementation."
10,4,1,"The client, Derek Johnson, discussed financial planning priorities with Jane Smith, focusing on bonus allocation, retirement savings, and cabin insurance. Jane provided actionable recommendations, including increasing 401(k) contributions, allocating bonus funds, and adding flood protection to the cabin insurance policy. The client expressed satisfaction with the guidance and confirmed the next steps."
11,4,2,"The call focused on Derek's plans to purchase a mountain cabin while ensuring his retirement timeline and his son Max's college fund remain on track. Jane provided detailed financial guidance, confirming affordability of the cabin with a 15-year mortgage and addressing concerns about retirement and education savings. Derek agreed to proceed with the plan and take specific actions to move forward."
12,4,3,"The call focused on Derek's upcoming Alaska expedition, including reviewing his travel fund, selecting travel insurance, and discussing retirement savings. Jane provided actionable advice on increasing the travel fund, choosing a comprehensive insurance plan, and automating bonus transfers to a high-yield account. Derek expressed appreciation for the guidance and agreed to the proposed steps."
13,5,1,The call focused on optimizing Dr. Nguyen's emergency fund allocation and preparing for her future practice. Jane Smith provided insights on high-yield savings accounts and discussed next steps for practice financing. Dr. Nguyen expressed a preference for maximizing returns while ensuring safety and emphasized readiness for future opportunities.
14,5,2,"The call focused on Dr. Nguyen's condo purchase, ensuring her financial stability, and aligning her goals of starting a private practice. Jane Smith provided mortgage options, addressed concerns about overextending finances, and outlined a plan to maintain retirement contributions. Dr. Nguyen chose a fixed-rate mortgage for stability and agreed to set aside funds for her practice."
15,5,3,"The call focused on reviewing Dr. Nguyen's practice partnership financing options, emergency fund strategy, and retirement contributions. Jane Smith provided detailed loan comparisons, recommended a high-yield savings account for the emergency fund, and outlined next steps to support Dr. Nguyen's financial goals. Dr. Nguyen expressed relief and appreciation for the guidance provided."
16,6,1,"The call focused on reviewing long-term care insurance, updating a charitable giving plan, and evaluating a monthly withdrawal strategy. The client expressed concerns about adequate long-term care coverage and a desire to support a historical society project. The advisor recommended renewing the insurance policy, increasing the charitable donation, and slightly adjusting the portfolio's bond allocation. The client agreed to all recommendations, and the advisor outlined next steps for implementation."
17,6,2,"The call focused on revisiting Emily's monthly withdrawal strategy, reviewing portfolio income, and ensuring long-term care coverage. Jane assured Emily that her portfolio income covers most expenses, avoiding the need to touch principal. Beneficiary designations for Bridget and Jane were also discussed, with Jane promising to double-check and provide a summary."
18,6,3,"The call focused on reviewing the client's grandson's education fund, discussing a withdrawal strategy, and addressing charitable giving. The client expressed a desire to ensure sufficient funds for private high school and extracurricular activities. The advisor provided actionable recommendations, including adding to the 529 plan, maintaining a flat withdrawal strategy, and automating charitable grants."
5,2,2,"The call focused on portfolio optimization, tax efficiency, and diversification strategies. Jeremy expressed interest in exploring charitable giving and alternative investments while maintaining a cautious approach to risk. Evan provided guidance on Donor-Advised Funds, private credit, and real estate, and emphasized the importance of estate planning and liquidity management."
6,2,3,"The call focused on Jeremy's interest in tax-efficient strategies and private investments. Evan provided detailed guidance on Donor-Advised Funds (DAFs), private credit, and real estate options, addressing Jeremy's goals of simplicity and diversification. Jeremy expressed interest in exploring these options further and agreed to review the materials Evan will send over."
19,7,1,"The call focused on Linh's financial planning needs related to her gallery expansion, co-op housing investment, and philanthropic foundation. Jane provided guidance on portfolio rebalancing, funding strategies, and insurance options for Linh's art collection. Linh expressed concerns about overextending financially and sought advice on real estate crowdfunding for future projects."
20,7,2,"The client, Linh Tran, discussed her recent art exhibition success and sought advice on art collection insurance, allocation of sale proceeds, and real estate crowdfunding platforms. The advisor, Jane Smith, provided recommendations on insurance, investment options, and platform comparisons. Key decisions were made regarding insurance and investment allocation, with a follow-up planned for crowdfunding platform details."
21,7,3,"The call focused on reviewing the client's co-op investment performance, exploring diversification into real estate crowdfunding, and discussing the foundation's grant cycle. The advisor provided tailored recommendations for crowdfunding platforms and grant allocations, aligning with the client's goals. The conversation concluded with actionable next steps and a positive sentiment about the client's progress."
22,8,1,"The call focused on reviewing the timing of Malik's home sale, addressing tax implications, and discussing Jamal's trust fund. Jane provided guidance on capital gains exclusion, trust fund allocation, and recommended reviewing long-term care insurance. Action items were outlined to ensure smooth transitions and updates post-move."
23,8,2,"The call focused on Malik Washington's downsizing plans, setting up a trust fund for his grandson Jamal, and reviewing legacy planning. Jane Smith provided guidance on the optimal timing for selling Malik's home, recommended a revocable trust for Jamal, and suggested reviewing beneficiary designations on retirement accounts. Malik expressed a preference for moving forward with the fall home sale and agreed to the proposed trust fund setup."
24,8,3,"The call focused on reviewing Malik's retirement income plan, long-term care insurance, and estate plan updates. Malik expressed concerns about ensuring his wife Lisa is financially secure in retirement. Jane provided guidance on survivor benefits, a joint life annuity, and renewing his long-term care insurance. Action items were outlined for both parties to follow up on."
25,9,1,"The call focused on reviewing Omar's financial priorities, including his emergency fund, Hajj fund, and education savings. Jane provided actionable recommendations to optimize savings and maintain financial stability. Omar expressed a desire to increase his emergency fund and ensure he is not overextending financially."
26,9,2,"The client, Omar Al-Farsi, discussed financial strategies with Jane Smith following the successful opening of his new restaurant location. Key priorities included managing finances for a Hajj fund, planning for his children's tuition, and enhancing business reserves. Jane provided tailored recommendations and outlined actionable next steps to address these objectives."
27,9,3,"The call focused on reviewing education savings plans for Omar's children, funding for his upcoming anniversary trip, and increasing the emergency fund for his new restaurant. Jane provided actionable recommendations, including tax-efficient strategies and automated savings solutions, which Omar agreed to implement."
28,10,1,"The client, Priya Patel, discussed financial preparation for her adoption process with advisor Jane Smith. Key topics included emergency fund adjustments, insurance coverage for adoption-related risks, and diversification of startup equity. Jane provided actionable recommendations and committed to follow up on specific items by Friday."
29,10,2,"The call focused on Priya Patel's financial planning following her Series A funding round, including allocation of proceeds, setting up an adoption fund, and maintaining retirement contributions. Priya expressed concerns about balancing adoption expenses with savings goals and managing the tax implications of the funding round. Jane Smith provided actionable guidance on fund allocation, tax planning, and automating contributions."
30,10,3,"The call focused on Priya Patel's financial planning amidst significant life changes, including her startup's growth and an upcoming adoption. Key topics included equity compensation, retirement planning, and estate updates. Jane Smith provided actionable advice to diversify investments, maintain retirement goals, and prepare for the adoption's financial implications."
31,11,1,"The call focused on reviewing Rajiv's financial plans, including his endowment trust, retirement portfolio, and college savings plan. Jane provided updates and recommendations to ensure Rajiv's goals are on track. Key next steps were outlined to finalize the trust and review asset allocation for stability."
32,11,2,"The call focused on Rajiv Kapoor's upcoming practice merger, family reunion in India, and structuring a medical school endowment. Jane Smith provided guidance on business succession planning, financial logistics for the reunion, and setting up an endowment trust. Rajiv expressed appreciation for the advice and agreed to move forward with the proposed actions."
33,11,3,"The call focused on preparing Rajiv Kapoor financially for an upcoming family reunion, addressing travel logistics, insurance, and college savings. Jane Smith provided tailored recommendations, including opening a multi-currency account, selecting a travel insurance plan, and increasing 529 plan contributions. Rajiv expressed satisfaction with the guidance and approved the proposed actions."
34,12,1,"Sophie Yoshida is preparing for a sabbatical and transitioning to freelance work, expressing concerns about financial flexibility for her road trip and van conversion. Jane Smith provided guidance on rebalancing her portfolio, increasing her emergency fund, and managing health insurance options. The conversation focused on ensuring Sophie’s financial stability during this transition."
35,12,2,"The call focused on Sophie Yoshida's transition to freelancing, addressing her concerns about retirement planning, health insurance, and tax strategies. Jane Smith provided actionable advice on retirement accounts, health insurance options, and tax planning, ensuring Sophie feels supported in her new lifestyle. Clear next steps were outlined for follow-up."
36,12,3,"The call focused on Sophie Yoshida's financial planning for her van conversion trip. Key topics included managing cash flow, emergency fund allocation, freelance income projections, and low-maintenance investment strategies. Jane Smith provided actionable advice to ensure Sophie remains financially secure while on the road."
37,13,1,"Evan Worthington and Alexander Reynolds discussed year-end tax planning, updates on municipal bonds and private equity distributions, and estate planning. Alexander shared updates about his family and confirmed interest payments from his muni bond ladder. Evan provided guidance on maintaining the bond ladder, tax strategies, and earmarking private equity distributions for long-term care insurance and potential Roth conversions."
38,13,2,"The call focused on Alexander's upcoming partner buy-out, college planning for his twins, and private equity allocation. Evan provided guidance on managing tax exposure from the buy-out, ensuring the twins' 529 plans are on track, and reallocating private equity holdings. The conversation was productive, with clear next steps outlined for each topic."
39,13,3,"The call focused on Alexander Reynolds' financial planning following a partner buy-out, addressing liquidity management, estate planning updates, and charitable giving strategies. Evan Worthington provided actionable guidance, including setting up a high-yield savings account, investing in municipal bonds, updating the estate plan for Alexander's twins, and establishing a donor-advised fund. The conversation concluded with clear next steps and coordination with legal and tax professionals."
40,14,1,"The call focused on reviewing trust documents for Sophia, discussing business succession planning, and evaluating retirement income strategies. Carlos expressed satisfaction with the trust setup and agreed to proceed with a formal succession plan for Luis. Evan provided guidance on increasing annuity allocation for retirement income and outlined actionable next steps."
41,14,2,"The call focused on Carlos Mendoza's plans to step back from work, with discussions on adjusting his retirement timeline, setting up a scholarship fund, and managing real estate holdings. Evan Worthington provided guidance on retiring earlier, optimizing charitable contributions, and deferring capital gains taxes. Key action items were outlined to support Carlos's goals."
42,14,3,"The call focused on financing for franchise expansion, retirement planning, and legacy planning. The client expressed concerns about balancing the expansion with other financial goals and ensuring family comfort in retirement. The advisor provided guidance on selecting an SBA loan, increasing SEP IRA contributions, and setting up a revocable trust and buy-sell agreement."
43,15,1,"The call focused on reviewing the client's business revenue allocations, retirement income plan, and philanthropic initiatives. The client expressed concerns about ensuring financial security during retirement and maintaining the foundation's endowment performance. The advisor recommended reallocating investments to municipal bonds for stability and sustainable investments for the endowment. Both parties agreed on the proposed actions and outlined next steps for implementation."
44,15,2,"The call focused on Daniel Goldstein's business transition plan, estate planning, and philanthropic goals. Key updates included transferring business management to his children, finalizing estate documents with a charitable remainder trust, and setting up a donor-advised fund for desert conservation. The advisor provided actionable steps to address Daniel's priorities and ensure a smooth transition."
45,15,3,"The call focused on reviewing charitable remainder trust documents, discussing gifting strategies for the client's children, and revisiting the client's investment allocation. The client expressed a desire to ensure financial security for his family and foundation while optimizing tax efficiency. The advisor provided actionable recommendations and committed to follow up with necessary documents and updates."
46,16,1,"Evan Worthington checked in with Dr. James Washington to discuss updates on his art collection insurance, charitable giving plans, and retirement income projections. Dr. Washington expressed concerns about properly insuring new art pieces, increasing charitable donations, and ensuring a steady retirement income. Evan provided actionable guidance on all fronts, including insurance updates, tax-efficient charitable giving strategies, and a plan for annual retirement reviews."
47,16,2,"The call focused on Dr. Washington's dynasty trust, grandkids' education fund, and his upcoming transition out of his medical practice. Key concerns included asset protection in the trust, adjustments to the education fund's asset allocation, and evaluating options for the practice transition. Advisor Evan Worthington provided detailed guidance and outlined next steps for each area."
48,16,3,"Evan Worthington and Dr. James Washington discussed updates to the estate plan, required minimum distributions (RMDs), and long-term care insurance. Dr. Washington expressed satisfaction with the estate plan changes and agreed to proceed with automatic IRA withdrawals and renewing the insurance policy. Evan outlined clear action items to finalize these updates and promised to send a summary by the end of the week."
49,17,1,"The call focused on preparing Dr. Michelle Patel's personal finances ahead of her company's IPO. Key topics included stock option diversification, charitable giving, and estate planning. Evan Worthington provided actionable strategies and committed to follow up with necessary documentation."
50,17,2,"Dr. Patel discussed her financial priorities following the Series B funding round for her company, including equity event strategy, education funding for her children, and retirement planning. Evan provided tailored guidance on minimizing tax impacts, funding 529 plans, and maximizing retirement contributions. Action items were outlined to ensure timely execution of the strategies discussed."
51,17,3,"Dr. Michelle Patel discussed her upcoming IPO and sought guidance on managing the proceeds, risk management, and her children's education accounts. Evan Worthington provided a detailed allocation plan for the IPO proceeds, recommended umbrella liability coverage and cybersecurity measures, and confirmed the status of her 529 plans. The call concluded with actionable steps and a promise to send a summary by next week."
52,18,1,"The call focused on reviewing insurance coverage, post-career income planning, and a new commercial property investment. The client expressed concerns about ensuring adequate coverage for his growing family and securing stable income after his basketball career. The advisor provided actionable recommendations, including increasing insurance coverage, setting up a defined benefit plan, and conducting due diligence on the property."
53,18,2,"The call focused on reviewing the client's estate plan, discussing charitable giving goals, and evaluating real estate portfolio performance. The advisor recommended setting up a family limited partnership for asset protection and future gifting, establishing a donor-advised fund for a youth sports foundation, and refinancing a property to free up cash for new investments. The client agreed to all recommendations, and next steps were outlined."
54,18,3,"The call focused on Dwayne's business investment plans, updating his children's education trust, and expanding his real estate portfolio. Key concerns included protecting his investment in a restaurant project, ensuring equal opportunities for his children, and leveraging financing for a new property. Evan provided actionable guidance on phased investment, trust amendments, and estate planning strategies."
55,19,1,"Elizabeth discussed her anniversary trip and plans to purchase a second home. Evan provided guidance on structuring the down payment, updating the estate plan, and setting up custodial accounts for her children. Concrete next steps were agreed upon, including coordinating financial actions and opening new accounts."
56,19,2,"The call focused on financing options for a partnership buy-in, purchasing a second home, and ensuring the twins' college fund remains unaffected. The client expressed a preference for an internal loan over leveraging home equity and agreed to a competitive mortgage option for the second home. The advisor provided guidance on rebalancing the college fund to reduce risk as the twins approach high school graduation."
57,19,3,"The call focused on year-end financial planning, including bonus allocation, tax planning for a new property, and portfolio rebalancing. The client expressed a desire to optimize her bonus and address tax implications for her new home. The advisor provided specific recommendations on bonus distribution, tax strategies, and portfolio adjustments. Concrete next steps were outlined to implement these strategies before year-end."
58,20,1,"The call focused on Isabella's priorities, including purchasing a Manhattan property, setting up a SEP IRA for retirement, and funding her brand's European expansion. Evan provided tailored advice on mortgage options, leveraging her art collection as collateral, and using a business line of credit for the expansion. Concrete next steps were outlined to move forward with these plans."
59,20,2,"The call focused on leveraging Isabella's art collection as collateral for a property loan, exploring retirement plan options, and securing an export grant for her business expansion. Evan provided detailed guidance on the collateralization process, recommended a defined benefit plan for higher contributions, and offered assistance with the grant application. Isabella expressed interest in all suggestions and agreed to proceed with the outlined steps."
60,20,3,"The call focused on reviewing cash flow projections, adjusting the investment portfolio, and updating insurance coverage for Isabella's studio relocation. Evan provided actionable recommendations to ensure financial stability during the transition. Isabella expressed concerns about cash flow and agreed to the proposed adjustments, feeling reassured by the plan."
61,21,1,"The call focused on post-IPO financial planning, including liquidity allocation, risk management, and estate planning. The client expressed concerns about protecting his wealth and ensuring proper coverage for his new financial situation. The advisor provided a detailed asset allocation strategy, recommended updates to insurance and estate documents, and outlined clear next steps for implementation."
62,21,2,"The call focused on Jonathan's financial planning in light of an upcoming acquisition, including diversification strategies, charitable giving, and retirement planning. Evan provided detailed guidance on direct indexing to manage IPO-related exposure and suggested setting up a donor-advised fund for STEM education. Retirement projections were briefly discussed, with a potential timeline adjustment based on the acquisition's closure."
63,21,3,"The call focused on Jonathan's upcoming IPO, college funding for his children, and retirement planning. Evan provided guidance on setting up a 10b5-1 trading plan to manage IPO proceeds, adjusting 529 plans for college funding, and running retirement projections based on a potential acquisition. Jonathan expressed concerns about maximizing after-tax proceeds and ensuring financial readiness for retirement and his children's education."
64,22,1,"The call focused on Julia's financial planning priorities, including her children's education funds, retirement goals, and business expansion. Evan provided guidance on 529 plan withdrawals, updated projections for Gabriel's fund, and confirmed Julia's retirement timeline. They also discussed risk management strategies for the vineyard expansion, with Evan recommending increased insurance coverage. Action items were outlined to ensure progress on all fronts."
65,22,2,"The call focused on reviewing Julia's portfolio allocation as she approaches retirement, discussing long-term income planning, and checking on college savings for her children. Julia expressed a desire to reduce risk while maintaining growth for her business. Evan provided guidance on reallocating investments, setting up a systematic withdrawal plan, and confirmed that the college funds are fully funded. Action items were outlined for follow-up."
66,22,3,"The call focused on Julia Santiago's business expansion, her children's education funds, and ensuring liquidity for the next harvest cycle. Evan Worthington provided guidance on setting up a business line of credit, adjusting 529 contributions, and automating savings transfers. Julia agreed to the proposed actions and expressed appreciation for Evan's assistance."
67,23,1,"The call focused on setting up a charitable foundation, reviewing global asset allocation, and updating estate planning. The client expressed satisfaction with the proposed $2 million endowment and the trust structure to support her children if needed. The advisor recommended rebalancing the international portfolio to increase exposure to emerging markets and provided updates on the estate plan. The client appreciated the guidance and requested a family governance meeting to finalize details."
68,23,2,"The client, Katherine Davies, discussed the foundation’s grant cycle, global asset allocation, international tax compliance, and retirement transition planning. Key concerns included tax compliance across multiple jurisdictions and leadership transition within the foundation. The advisor provided actionable guidance on portfolio adjustments, tax coordination, and operational succession planning."
69,23,3,"The call focused on reviewing the funding strategy and governance structure for Katherine's family foundation, as well as her retirement planning. Katherine expressed satisfaction with her family's involvement in the foundation and sought guidance on efficient funding and board composition. Evan provided actionable recommendations, including funding strategies, governance setup, and portfolio adjustments for retirement."
70,24,1,"The call focused on legacy planning, including setting up a cultural heritage trust, annual gifting strategies, and managing the foundation's grant cycle. The client expressed a desire to preserve cultural values while supporting his children. The advisor provided actionable recommendations and committed to coordinating with the client's attorney and contacts. The conversation concluded with a clear plan for next steps."
71,24,2,"The call focused on Keoni Kahale's gallery expansion, setting up scholarship funds for his children, and reviewing the foundation's funding strategy. Evan Worthington provided guidance on income allocation, tax-efficient education savings plans, and sustainable investment options. Keoni expressed enthusiasm and agreed to proceed with the proposed actions."
72,24,3,"The call focused on reviewing the client's investment allocation, discussing the foundation's endowment performance, and exploring sustainable investment options. The client expressed interest in setting an example through sustainable investments and agreed to recommended portfolio adjustments. The advisor provided guidance on reallocating assets and suggested setting up an annual performance review for the endowment. Next steps include rebalancing the portfolio, sending the endowment report, and scheduling a call with a sustainable investing specialist."
73,25,1,"The call focused on reviewing the foundation's investment performance, discussing annual gift tax exclusions, and renewing a long-term care policy. The client expressed satisfaction with the foundation's performance and decided to allocate increased grants to the arts council. Additional gifting to a new recipient and renewal of the long-term care policy were also agreed upon. The advisor outlined clear next steps to address these actions."
74,25,2,"Evan Worthington and Margaret Williams discussed her foundation's grant cycle, estate plan updates, and annual charitable giving strategy. Margaret agreed to fund two grant recipients, finalized revisions to her estate plan, and decided to front-load $100,000 into her donor-advised fund. Evan outlined action items to ensure smooth execution of these decisions."
75,25,3,"The call focused on Margaret's priorities, including the launch of her charitable foundation, healthcare planning, and a review of her bond ladder. Evan provided guidance on setting up the foundation with an initial endowment, recommended a supplemental long-term care policy, and discussed cash management for an upcoming bond maturity. Margaret agreed to move forward with the proposed actions and appreciated Evan's thorough approach."
76,26,1,"The call focused on reviewing Michael's portfolio allocation with early retirement in mind, addressing market volatility concerns, and discussing estate plan updates. Evan provided guidance on reducing risk by reallocating assets and explored the potential of diversifying income through real estate investments. The client expressed interest in both Hawaii and Colorado properties and agreed to review beneficiary designations. The conversation concluded with clear action steps and a positive outlook."
77,26,2,"The call focused on reviewing the client's 529 plan withdrawal strategy for their son Ken, updating contributions for their daughter Yumi's study abroad plans, and checking early retirement projections. The client sought advice on efficient fund usage, tax advantages, and investment allocation adjustments. The advisor provided tailored recommendations and confirmed the client is on track for early retirement."
78,26,3,"The call focused on Michael Nakamura's new compensation package, plans for a Hawaii vacation home, and funding for his children's education. Evan Worthington provided guidance on allocating bonuses and RSUs to balance liquidity while securing the property and maintaining education savings. Rental income potential and adjustments to Yumi's 529 plan were discussed, with actionable next steps outlined."
82,28,1,"The call focused on reviewing the family office's quarterly report, discussing a new charitable trust, and updating insurance coverage. The client expressed satisfaction with the advisor's recommendations, including reinvesting funds, supporting Diego's solo project, and increasing umbrella policy coverage. The advisor provided clear guidance and outlined actionable next steps."
83,28,2,"The call focused on setting up a family office, updating the client's estate plan, and preparing for an upcoming art auction. The client expressed a desire to involve his son in managing the family office and minimize estate taxes for future generations. The advisor provided detailed recommendations, including structuring the family office, updating the will, and leveraging a charitable donation for tax benefits. Action items were outlined for follow-up within the next week."
84,28,3,"The call focused on tax planning, succession planning for Diego, and allocation of private equity distributions. The client expressed interest in deferring capital gains through a 1031 exchange and ensuring fairness in Diego's ownership track. The advisor provided actionable recommendations and agreed to follow up with detailed analyses and coordination."
85,29,1,"The call focused on reviewing the client's creative venture investments, exploring charitable giving options, and addressing health insurance coverage. The client expressed enthusiasm for reallocating investments to a women-in-film accelerator fund and setting up a donor-advised fund for arts education. The advisor also identified a better health insurance plan with lower premiums and committed to providing details for review."
86,29,2,"The call focused on addressing Samantha's liquidity concerns post-film festival, reviewing her sustainable real estate investments, and planning for next year's travel and production budget. Evan provided actionable advice on rebalancing investments, leveraging tax credits, and organizing cash flow to meet her financial goals. Samantha expressed appreciation for the guidance and agreed to move forward with the suggested plans."
87,29,3,"The call focused on Samantha's production company investment, coastal property search, and early retirement plan. Evan provided detailed guidance on sustainable property options, reinvesting profits, and maintaining retirement goals. Samantha expressed enthusiasm and agreed to the proposed strategies, emphasizing sustainability and financial security."
88,30,1,"The call focused on aligning the client's portfolio with their sabbatical plans, increasing impact investing allocations, and ensuring education funding for their children. The client expressed a desire for sustainable investments and automated distributions for travel expenses. The advisor provided actionable recommendations, including portfolio rebalancing, contribution adjustments, and due diligence reports."
89,30,2,"The call focused on preparing for Sarah's upcoming sabbatical, addressing her concerns about estate planning, education funding, and travel insurance. Evan provided updates on her 529 plan contributions, impact investments, and recommended a comprehensive travel insurance policy. Concrete next steps were outlined to ensure all arrangements are finalized before her departure."
90,30,3,"The call focused on reviewing Sarah's portfolio performance during her sabbatical, addressing liquidity needs, and planning for the next investment cycle. Evan provided reassurance about the portfolio's performance and suggested rebalancing to maintain liquidity amid market volatility. They also discussed preparing for new sustainable tech ventures in the upcoming fund cycle."
91,31,1,"The call focused on intergenerational wealth transfer strategies, impact investments, and aligning family office ventures with philanthropic goals. The client expressed a desire to prioritize renewable energy and liquidity for a solar farm project in Kenya. The advisor proposed a hybrid charitable lead annuity trust (CLAT) and discussed leveraging a Rembrandt etching for tax deductions and liquidity."
92,31,2,The call focused on aligning education funding for Victoria's daughter Sophia with the foundation's ESG goals while maintaining liquidity for microfinance initiatives. Evan proposed a two-pronged strategy involving ESG-focused target-date funds and a charitable remainder trust. They also discussed managing IPO stock lock-up sales and integrating an art collection for tax benefits. Victoria expressed interest in a balanced approach and agreed to explore the proposed scenarios.
93,31,3,"The call focused on structuring a $500k stipend for Victoria's son Oliver's internship in climate tech startups, ensuring alignment with the foundation's liquidity and values. Evan proposed three options, with Victoria favoring a hybrid model. They also discussed integrating repayments into the foundation's green bond allocation and addressed the authentication of a Rodin sculpture for donation and fractional ownership."
94,32,1,"The call focused on reviewing William Harris's estate plan, discussing gifting strategies for his children, and updating insurance coverage. William expressed a desire to ensure his estate plan is in order and opted for annual gifts this year. Evan provided detailed guidance and outlined next steps for finalizing trusts, processing gifts, and increasing insurance coverage."
95,32,2,"The call focused on reviewing business revenue allocations, retirement income planning, and portfolio adjustments. The client expressed concerns about long-term retirement income security and agreed to explore options for predictable cash flow. The advisor recommended increasing municipal bond allocation, reducing equity exposure, and setting up automatic transfers for capital improvements."
96,32,3,"The call focused on William Harris's business succession plan, the potential purchase of a lake house, and a review of retirement projections. The client expressed a desire for a smooth leadership transition in his company and ensuring financial stability for the lake house purchase without affecting retirement savings. The advisor provided actionable guidance on all topics and confirmed that the client is on track for retirement at age 65."
97,33,1,"The call focused on reviewing the client's dividend strategy, ensuring sustainable income post-retirement, and discussing involvement in the foundation's conservation grant cycle. The advisor provided recommendations for portfolio adjustments and additional guaranteed income options while addressing the client's concerns about financial security for his spouse. The client expressed interest in participating in the grant selection committee and appreciated the advisor's thoroughness."
98,33,2,"The call focused on Richard's CEO transition, scaling the family foundation, and updating the grandchildren's trusts. Evan provided a detailed update on the succession plan, discussed increasing the foundation's grant budget, and proposed adjustments to the trust structures. Richard expressed agreement with the proposed plans and emphasized the importance of education and conservation efforts."
99,33,3,"The call focused on discussing the impact of a ranch expansion on the client's estate plan, exploring a conservation easement for wildlife preservation, and setting up a new scholarship program. The client expressed interest in ensuring the easement allows for continued ranching activities and agreed to proceed with the scholarship in his father's name. The advisor provided actionable steps to update the trust, finalize the easement, and establish the scholarship."
4,2,1,"Jeremy, a private medical practice owner, discussed long-term planning for his business, including succession strategies and maximizing its value. He also touched on estate planning, wealth transfer for his children, and charitable giving. Evan provided guidance on business valuation, tax-efficient strategies, and alternative investments, with plans to explore these topics further in the next call."